-- MySQL dump 10.13  Distrib 8.0.32, for Linux (x86_64)
--
-- Host: localhost    Database: belajar_mysql
-- ------------------------------------------------------
-- Server version	8.0.32-0ubuntu0.22.04.2

/*!40101 SET @OLD_CHARACTER_SET_CLIENT=@@CHARACTER_SET_CLIENT */;
/*!40101 SET @OLD_CHARACTER_SET_RESULTS=@@CHARACTER_SET_RESULTS */;
/*!40101 SET @OLD_COLLATION_CONNECTION=@@COLLATION_CONNECTION */;
/*!50503 SET NAMES utf8mb4 */;
/*!40103 SET @OLD_TIME_ZONE=@@TIME_ZONE */;
/*!40103 SET TIME_ZONE='+00:00' */;
/*!40014 SET @OLD_UNIQUE_CHECKS=@@UNIQUE_CHECKS, UNIQUE_CHECKS=0 */;
/*!40014 SET @OLD_FOREIGN_KEY_CHECKS=@@FOREIGN_KEY_CHECKS, FOREIGN_KEY_CHECKS=0 */;
/*!40101 SET @OLD_SQL_MODE=@@SQL_MODE, SQL_MODE='NO_AUTO_VALUE_ON_ZERO' */;
/*!40111 SET @OLD_SQL_NOTES=@@SQL_NOTES, SQL_NOTES=0 */;

--
-- Table structure for table `admin`
--

DROP TABLE IF EXISTS `admin`;
/*!40101 SET @saved_cs_client     = @@character_set_client */;
/*!50503 SET character_set_client = utf8mb4 */;
CREATE TABLE `admin` (
  `id` int NOT NULL AUTO_INCREMENT,
  `first_name` varchar(100) NOT NULL,
  `last_name` varchar(100) NOT NULL,
  PRIMARY KEY (`id`)
) ENGINE=InnoDB AUTO_INCREMENT=6 DEFAULT CHARSET=utf8mb4 COLLATE=utf8mb4_0900_ai_ci;
/*!40101 SET character_set_client = @saved_cs_client */;

--
-- Dumping data for table `admin`
--

LOCK TABLES `admin` WRITE;
/*!40000 ALTER TABLE `admin` DISABLE KEYS */;
INSERT INTO `admin` VALUES (1,'ahmad','arifin'),(2,'cristiono','rolando'),(4,'lionel','messi'),(5,'rully','hidayat');
/*!40000 ALTER TABLE `admin` ENABLE KEYS */;
UNLOCK TABLES;

--
-- Table structure for table `categories`
--

DROP TABLE IF EXISTS `categories`;
/*!40101 SET @saved_cs_client     = @@character_set_client */;
/*!50503 SET character_set_client = utf8mb4 */;
CREATE TABLE `categories` (
  `id` varchar(10) NOT NULL,
  `name` varchar(100) NOT NULL,
  PRIMARY KEY (`id`)
) ENGINE=InnoDB DEFAULT CHARSET=utf8mb4 COLLATE=utf8mb4_0900_ai_ci;
/*!40101 SET character_set_client = @saved_cs_client */;

--
-- Dumping data for table `categories`
--

LOCK TABLES `categories` WRITE;
/*!40000 ALTER TABLE `categories` DISABLE KEYS */;
INSERT INTO `categories` VALUES ('C0001','Makanan'),('C0002','Minuman'),('C0003','Lain-Lain'),('C0004','Mobil'),('C0005','lalapan');
/*!40000 ALTER TABLE `categories` ENABLE KEYS */;
UNLOCK TABLES;

--
-- Table structure for table `customers`
--

DROP TABLE IF EXISTS `customers`;
/*!40101 SET @saved_cs_client     = @@character_set_client */;
/*!50503 SET character_set_client = utf8mb4 */;
CREATE TABLE `customers` (
  `id` int NOT NULL AUTO_INCREMENT,
  `email` varchar(100) NOT NULL,
  `first_name` varchar(100) NOT NULL,
  `last_name` varchar(100) DEFAULT NULL,
  PRIMARY KEY (`id`),
  UNIQUE KEY `email_unique` (`email`)
) ENGINE=InnoDB AUTO_INCREMENT=4 DEFAULT CHARSET=utf8mb4 COLLATE=utf8mb4_0900_ai_ci;
/*!40101 SET character_set_client = @saved_cs_client */;

--
-- Dumping data for table `customers`
--

LOCK TABLES `customers` WRITE;
/*!40000 ALTER TABLE `customers` DISABLE KEYS */;
INSERT INTO `customers` VALUES (1,'arif@gmail.com','ahmad','arifin'),(3,'arifin@gmail.com','ahmad','arifin');
/*!40000 ALTER TABLE `customers` ENABLE KEYS */;
UNLOCK TABLES;

--
-- Table structure for table `guestbooks`
--

DROP TABLE IF EXISTS `guestbooks`;
/*!40101 SET @saved_cs_client     = @@character_set_client */;
/*!50503 SET character_set_client = utf8mb4 */;
CREATE TABLE `guestbooks` (
  `id` int NOT NULL AUTO_INCREMENT,
  `email` varchar(100) DEFAULT NULL,
  `title` varchar(200) DEFAULT NULL,
  `content` text,
  PRIMARY KEY (`id`)
) ENGINE=InnoDB AUTO_INCREMENT=11 DEFAULT CHARSET=utf8mb4 COLLATE=utf8mb4_0900_ai_ci;
/*!40101 SET character_set_client = @saved_cs_client */;

--
-- Dumping data for table `guestbooks`
--

LOCK TABLES `guestbooks` WRITE;
/*!40000 ALTER TABLE `guestbooks` DISABLE KEYS */;
INSERT INTO `guestbooks` VALUES (1,'guest@gmail.com','Hello','Hello'),(2,'guest2@gmail.com','Hello','Hello'),(3,'guest3@gmail.com','Hello','Hello'),(4,'arif@gmail.com','Hello','Hello'),(5,'arif@gmail.com','Hello','Hello'),(6,'arif@gmail.com','Hello','Hello'),(7,'contoh@gmail.com','hello','hello'),(8,'contoh2@gmail.com','hello','hello'),(9,'contoh3@gmail.com','diubah oleh user 2','hello'),(10,'examplearif@example.com','arif','halo arif');
/*!40000 ALTER TABLE `guestbooks` ENABLE KEYS */;
UNLOCK TABLES;

--
-- Table structure for table `orders`
--

DROP TABLE IF EXISTS `orders`;
/*!40101 SET @saved_cs_client     = @@character_set_client */;
/*!50503 SET character_set_client = utf8mb4 */;
CREATE TABLE `orders` (
  `id` int NOT NULL AUTO_INCREMENT,
  `total` int NOT NULL,
  `order_date` datetime NOT NULL DEFAULT CURRENT_TIMESTAMP,
  PRIMARY KEY (`id`)
) ENGINE=InnoDB AUTO_INCREMENT=4 DEFAULT CHARSET=utf8mb4 COLLATE=utf8mb4_0900_ai_ci;
/*!40101 SET character_set_client = @saved_cs_client */;

--
-- Dumping data for table `orders`
--

LOCK TABLES `orders` WRITE;
/*!40000 ALTER TABLE `orders` DISABLE KEYS */;
INSERT INTO `orders` VALUES (1,50000,'2023-02-28 21:59:47'),(2,50000,'2023-02-28 21:59:48'),(3,50000,'2023-02-28 21:59:49');
/*!40000 ALTER TABLE `orders` ENABLE KEYS */;
UNLOCK TABLES;

--
-- Table structure for table `orders_detail`
--

DROP TABLE IF EXISTS `orders_detail`;
/*!40101 SET @saved_cs_client     = @@character_set_client */;
/*!50503 SET character_set_client = utf8mb4 */;
CREATE TABLE `orders_detail` (
  `id_product` varchar(10) NOT NULL,
  `id_order` int NOT NULL,
  `price` int NOT NULL,
  `quantity` int NOT NULL,
  PRIMARY KEY (`id_product`,`id_order`),
  KEY `fk_orders_detail_order` (`id_order`),
  CONSTRAINT `fk_orders_detail_order` FOREIGN KEY (`id_order`) REFERENCES `orders` (`id`),
  CONSTRAINT `fk_orders_detail_product` FOREIGN KEY (`id_product`) REFERENCES `products` (`id`)
) ENGINE=InnoDB DEFAULT CHARSET=utf8mb4 COLLATE=utf8mb4_0900_ai_ci;
/*!40101 SET character_set_client = @saved_cs_client */;

--
-- Dumping data for table `orders_detail`
--

LOCK TABLES `orders_detail` WRITE;
/*!40000 ALTER TABLE `orders_detail` DISABLE KEYS */;
INSERT INTO `orders_detail` VALUES ('P0001',1,25000,1),('P0001',2,25000,1),('P0002',1,25000,1),('P0003',2,25000,1),('P0003',3,25000,1),('P0004',3,25000,1);
/*!40000 ALTER TABLE `orders_detail` ENABLE KEYS */;
UNLOCK TABLES;

--
-- Table structure for table `products`
--

DROP TABLE IF EXISTS `products`;
/*!40101 SET @saved_cs_client     = @@character_set_client */;
/*!50503 SET character_set_client = utf8mb4 */;
CREATE TABLE `products` (
  `id` varchar(10) NOT NULL,
  `name` varchar(100) NOT NULL,
  `description` text,
  `price` int unsigned NOT NULL,
  `quantity` int unsigned NOT NULL DEFAULT '0',
  `created_at` timestamp NOT NULL DEFAULT CURRENT_TIMESTAMP,
  `id_category` varchar(10) DEFAULT NULL,
  PRIMARY KEY (`id`),
  KEY `fk_product_category` (`id_category`),
  FULLTEXT KEY `product_search` (`name`,`description`),
  CONSTRAINT `fk_product_category` FOREIGN KEY (`id_category`) REFERENCES `categories` (`id`),
  CONSTRAINT `price_check` CHECK ((`price` >= 1000))
) ENGINE=InnoDB DEFAULT CHARSET=utf8mb4 COLLATE=utf8mb4_0900_ai_ci;
/*!40101 SET character_set_client = @saved_cs_client */;

--
-- Dumping data for table `products`
--

LOCK TABLES `products` WRITE;
/*!40000 ALTER TABLE `products` DISABLE KEYS */;
INSERT INTO `products` VALUES ('P0001','Mie Ayam Original',NULL,15000,90,'2023-01-07 17:09:06','C0001'),('P0002','Mie Ayam Bakso Tahu','Mie Ayam Original + Bakso Tahu',20000,100,'2023-01-07 17:11:48','C0001'),('P0003','Mie Ayam Ceker','Mie Ayam Original + Ceker',20000,100,'2023-01-07 17:15:51','C0001'),('P0004','mie ayam spesial',NULL,25000,100,'2023-01-07 17:15:51','C0001'),('P0005','mie ayam yamin',NULL,15000,100,'2023-01-07 17:15:51','C0001'),('P0006','Bakso Rusuk',NULL,25000,200,'2023-01-23 15:55:07','C0001'),('P0007','Es Jeruk',NULL,10000,300,'2023-01-23 15:55:07','C0002'),('P0008','Es Campur',NULL,15000,500,'2023-01-23 15:55:07','C0002'),('P0009','Es Teh Manis',NULL,5000,400,'2023-01-23 15:55:07','C0002'),('P0010','Kerupuk',NULL,2500,1000,'2023-01-23 15:55:07','C0003'),('P0011','Keripik Udang',NULL,10000,300,'2023-01-23 15:55:07','C0003'),('P0012','Es Krim',NULL,5000,200,'2023-01-23 15:55:07','C0003'),('P0013','Mie Ayam Jamur',NULL,20000,50,'2023-01-23 15:55:07','C0001'),('P0014','Bakso Telor',NULL,20000,150,'2023-01-23 15:55:07','C0001'),('P0015','Bakso Jando',NULL,25000,300,'2023-01-23 15:55:07','C0001'),('P0016','Permen',NULL,5000,1000,'2023-01-27 11:46:34','C0003'),('X0001','X Satu',NULL,25000,200,'2023-03-13 06:16:11',NULL),('X0002','X Dua',NULL,10000,300,'2023-03-13 06:16:11',NULL),('X0003','X Tiga',NULL,100000,500,'2023-03-13 06:16:11',NULL);
/*!40000 ALTER TABLE `products` ENABLE KEYS */;
UNLOCK TABLES;

--
-- Table structure for table `sellers`
--

DROP TABLE IF EXISTS `sellers`;
/*!40101 SET @saved_cs_client     = @@character_set_client */;
/*!50503 SET character_set_client = utf8mb4 */;
CREATE TABLE `sellers` (
  `id` int NOT NULL AUTO_INCREMENT,
  `email` varchar(100) NOT NULL,
  `name` varchar(100) NOT NULL,
  `name2` varchar(100) NOT NULL,
  `name3` varchar(100) NOT NULL,
  PRIMARY KEY (`id`),
  UNIQUE KEY `email_unique` (`email`),
  KEY `name2_index` (`name2`),
  KEY `name3_index` (`name3`),
  KEY `name1_name2_name3_index` (`name`,`name2`,`name3`)
) ENGINE=InnoDB DEFAULT CHARSET=utf8mb4 COLLATE=utf8mb4_0900_ai_ci;
/*!40101 SET character_set_client = @saved_cs_client */;

--
-- Dumping data for table `sellers`
--

LOCK TABLES `sellers` WRITE;
/*!40000 ALTER TABLE `sellers` DISABLE KEYS */;
/*!40000 ALTER TABLE `sellers` ENABLE KEYS */;
UNLOCK TABLES;

--
-- Table structure for table `wallet`
--

DROP TABLE IF EXISTS `wallet`;
/*!40101 SET @saved_cs_client     = @@character_set_client */;
/*!50503 SET character_set_client = utf8mb4 */;
CREATE TABLE `wallet` (
  `id` int NOT NULL AUTO_INCREMENT,
  `id_customer` int NOT NULL,
  `balance` int NOT NULL DEFAULT '0',
  PRIMARY KEY (`id`),
  UNIQUE KEY `id_customer_unique` (`id_customer`),
  CONSTRAINT `fk_wallet_customer` FOREIGN KEY (`id_customer`) REFERENCES `customers` (`id`)
) ENGINE=InnoDB AUTO_INCREMENT=3 DEFAULT CHARSET=utf8mb4 COLLATE=utf8mb4_0900_ai_ci;
/*!40101 SET character_set_client = @saved_cs_client */;

--
-- Dumping data for table `wallet`
--

LOCK TABLES `wallet` WRITE;
/*!40000 ALTER TABLE `wallet` DISABLE KEYS */;
INSERT INTO `wallet` VALUES (1,1,0),(2,3,0);
/*!40000 ALTER TABLE `wallet` ENABLE KEYS */;
UNLOCK TABLES;

--
-- Table structure for table `wishlist`
--

DROP TABLE IF EXISTS `wishlist`;
/*!40101 SET @saved_cs_client     = @@character_set_client */;
/*!50503 SET character_set_client = utf8mb4 */;
CREATE TABLE `wishlist` (
  `id` int NOT NULL AUTO_INCREMENT,
  `id_product` varchar(10) NOT NULL,
  `description` text,
  `id_customer` int DEFAULT NULL,
  PRIMARY KEY (`id`),
  KEY `fk_wishlist_product` (`id_product`),
  KEY `fk_wishlist_customer` (`id_customer`),
  CONSTRAINT `fk_wishlist_customer` FOREIGN KEY (`id_customer`) REFERENCES `customers` (`id`),
  CONSTRAINT `fk_wishlist_product` FOREIGN KEY (`id_product`) REFERENCES `products` (`id`) ON DELETE CASCADE ON UPDATE CASCADE
) ENGINE=InnoDB AUTO_INCREMENT=7 DEFAULT CHARSET=utf8mb4 COLLATE=utf8mb4_0900_ai_ci;
/*!40101 SET character_set_client = @saved_cs_client */;

--
-- Dumping data for table `wishlist`
--

LOCK TABLES `wishlist` WRITE;
/*!40000 ALTER TABLE `wishlist` DISABLE KEYS */;
INSERT INTO `wishlist` VALUES (1,'p0001','Makanan Kesukaan',1);
/*!40000 ALTER TABLE `wishlist` ENABLE KEYS */;
UNLOCK TABLES;
/*!40103 SET TIME_ZONE=@OLD_TIME_ZONE */;

/*!40101 SET SQL_MODE=@OLD_SQL_MODE */;
/*!40014 SET FOREIGN_KEY_CHECKS=@OLD_FOREIGN_KEY_CHECKS */;
/*!40014 SET UNIQUE_CHECKS=@OLD_UNIQUE_CHECKS */;
/*!40101 SET CHARACTER_SET_CLIENT=@OLD_CHARACTER_SET_CLIENT */;
/*!40101 SET CHARACTER_SET_RESULTS=@OLD_CHARACTER_SET_RESULTS */;
/*!40101 SET COLLATION_CONNECTION=@OLD_COLLATION_CONNECTION */;
/*!40111 SET SQL_NOTES=@OLD_SQL_NOTES */;

-- Dump completed on 2023-03-25 22:33:57
